min_kalshi_edge_pct	min_kalshi_confidence_pct	kelly_fraction	max_bet_pct	bets_placed	wins	losses	win_rate_pct	roi_pct	total_pnl	avg_edge_pct	avg_bet_amount	final_bankroll	bankroll_return_pct	max_drawdown_pct
6.0	57.5	0.1	0.0	82	50	32	61.0	27.52	6932.06	12.19	307.16	16932.08	69.32	-9.12
6.0	57.5	0.25	0.0	82	50	32	61.0	27.51	17322.22	12.19	767.91	27322.23	173.22	-20.74
6.0	57.5	0.15	0.0	82	50	32	61.0	27.51	10394.56	12.19	460.78	20394.54	103.95	-12.44
6.0	57.5	0.05	5.0	82	50	32	61.0	27.49	3462.44	12.19	153.62	13462.43	34.62	-5.46
6.0	57.5	0.05	0.0	82	50	32	61.0	27.49	3462.44	12.19	153.62	13462.43	34.62	-5.46
0.0	57.5	0.1	0.0	87	53	34	60.9	27.29	7029.12	11.43	296.05	17029.14	70.29	-9.19
2.0	57.5	0.1	0.0	87	53	34	60.9	27.29	7029.12	11.43	296.05	17029.14	70.29	-9.19
4.0	57.5	0.1	0.0	87	53	34	60.9	27.29	7029.12	11.43	296.05	17029.14	70.29	-9.19
0.0	57.5	0.25	0.0	87	53	34	60.9	27.28	17564.52	11.43	740.11	27564.53	175.65	-20.74
2.0	57.5	0.25	0.0	87	53	34	60.9	27.28	17564.52	11.43	740.11	27564.53	175.65	-20.74
4.0	57.5	0.25	0.0	87	53	34	60.9	27.28	17564.52	11.43	740.11	27564.53	175.65	-20.74
0.0	57.5	0.15	0.0	87	53	34	60.9	27.28	10539.8	11.43	444.09	20539.78	105.4	-12.44
2.0	57.5	0.15	0.0	87	53	34	60.9	27.28	10539.8	11.43	444.09	20539.78	105.4	-12.44
4.0	57.5	0.15	0.0	87	53	34	60.9	27.28	10539.8	11.43	444.09	20539.78	105.4	-12.44
0.0	57.5	0.05	5.0	87	53	34	60.9	27.26	3510.61	11.43	148.05	13510.6	35.11	-5.49
0.0	57.5	0.05	0.0	87	53	34	60.9	27.26	3510.61	11.43	148.05	13510.6	35.11	-5.49
2.0	57.5	0.05	5.0	87	53	34	60.9	27.26	3510.61	11.43	148.05	13510.6	35.11	-5.49
2.0	57.5	0.05	0.0	87	53	34	60.9	27.26	3510.61	11.43	148.05	13510.6	35.11	-5.49
4.0	57.5	0.05	5.0	87	53	34	60.9	27.26	3510.61	11.43	148.05	13510.6	35.11	-5.49
4.0	57.5	0.05	0.0	87	53	34	60.9	27.26	3510.61	11.43	148.05	13510.6	35.11	-5.49
4.0	52.0	0.1	0.0	113	70	43	61.9	27.21	7919.51	9.53	257.53	17919.54	79.2	-10.6
4.0	52.0	0.25	0.0	113	70	43	61.9	27.2	19788.17	9.53	643.81	29788.19	197.88	-20.74
4.0	52.0	0.15	0.0	113	70	43	61.9	27.2	11874.06	9.53	386.29	21874.04	118.74	-13.49
4.0	52.0	0.05	5.0	113	70	43	61.9	27.18	3955.32	9.53	128.79	13955.3	39.55	-6.45
4.0	52.0	0.05	0.0	113	70	43	61.9	27.18	3955.32	9.53	128.79	13955.3	39.55	-6.45
4.0	52.0	0.25	2.0	113	70	43	61.9	27.1	6119.87	9.53	199.88	16119.82	61.2	-10.03
0.0	52.0	0.1	0.0	129	80	49	62.0	26.85	8007.23	8.48	231.2	18007.26	80.07	-10.55
0.0	52.0	0.25	0.0	129	80	49	62.0	26.83	20003.73	8.48	577.99	30003.75	200.04	-20.74
0.0	52.0	0.15	0.0	129	80	49	62.0	26.83	12002.86	8.48	346.81	22002.84	120.03	-13.4
0.0	52.0	0.05	5.0	129	80	49	62.0	26.81	3998.24	8.48	115.63	13998.24	39.98	-6.43
0.0	52.0	0.05	0.0	129	80	49	62.0	26.81	3998.24	8.48	115.63	13998.24	39.98	-6.43
2.0	52.0	0.1	0.0	123	75	48	61.0	26.64	7919.12	8.88	241.65	17919.15	79.19	-10.58
2.0	52.0	0.25	0.0	123	75	48	61.0	26.63	19785.33	8.88	604.13	29785.35	197.85	-20.74
2.0	52.0	0.15	0.0	123	75	48	61.0	26.63	11871.62	8.88	362.49	21871.59	118.72	-13.46
2.0	52.0	0.05	5.0	123	75	48	61.0	26.6	3954.25	8.88	120.85	13954.24	39.54	-6.45
2.0	52.0	0.05	0.0	123	75	48	61.0	26.6	3954.25	8.88	120.85	13954.24	39.54	-6.45
4.0	0.0	0.1	0.0	115	70	45	60.9	26.46	7745.51	9.38	254.57	17745.54	77.46	-10.66
4.0	0.0	0.25	0.0	115	70	45	60.9	26.44	19352.17	9.38	636.41	29352.19	193.52	-20.74
4.0	0.0	0.15	0.0	115	70	45	60.9	26.44	11612.06	9.38	381.85	21612.04	116.12	-13.58
4.0	0.0	0.05	5.0	115	70	45	60.9	26.42	3868.32	9.38	127.3	13868.3	38.68	-6.47
4.0	0.0	0.05	0.0	115	70	45	60.9	26.42	3868.32	9.38	127.3	13868.3	38.68	-6.47
4.0	52.0	0.25	3.0	113	70	43	61.9	26.29	8692.0	9.53	292.55	18691.98	86.92	-13.51
4.0	52.0	0.15	2.0	113	70	43	61.9	26.27	5704.12	9.53	192.12	15704.07	57.04	-10.2
0.0	55.0	0.1	0.0	108	66	42	61.1	26.19	7354.1	9.72	260.0	17354.13	73.54	-10.99
0.0	55.0	0.25	0.0	108	66	42	61.1	26.18	18374.3	9.72	649.94	28374.31	183.74	-20.74
0.0	55.0	0.15	0.0	108	66	42	61.1	26.18	11025.59	9.72	389.97	21025.57	110.26	-14.13
0.0	55.0	0.05	5.0	108	66	42	61.1	26.15	3672.05	9.72	130.0	13672.05	36.72	-6.6
0.0	55.0	0.05	0.0	108	66	42	61.1	26.15	3672.05	9.72	130.0	13672.05	36.72	-6.6
2.0	55.0	0.1	0.0	105	64	41	61.0	26.11	7320.04	9.99	267.0	17320.08	73.2	-11.0
2.0	55.0	0.25	0.0	105	64	41	61.0	26.1	18289.6	9.99	667.45	28289.61	182.9	-20.74
2.0	55.0	0.15	0.0	105	64	41	61.0	26.1	10974.95	9.99	400.48	20974.93	109.75	-14.14
2.0	55.0	0.05	5.0	105	64	41	61.0	26.07	3654.62	9.99	133.5	13654.62	36.55	-6.6
2.0	55.0	0.05	0.0	105	64	41	61.0	26.07	3654.62	9.99	133.5	13654.62	36.55	-6.6
6.0	55.0	0.1	0.0	93	56	37	60.2	26.02	7011.68	11.25	289.72	17011.7	70.12	-11.01
6.0	55.0	0.25	0.0	93	56	37	60.2	26.01	17519.78	11.25	724.3	27519.79	175.2	-20.74
6.0	55.0	0.15	0.0	93	56	37	60.2	26.01	10513.49	11.25	434.61	20513.48	105.13	-14.15
6.0	55.0	0.05	5.0	93	56	37	60.2	25.98	3500.67	11.25	144.88	13500.65	35.01	-6.6
6.0	55.0	0.05	0.0	93	56	37	60.2	25.98	3500.67	11.25	144.88	13500.65	35.01	-6.6
0.0	52.0	0.25	2.0	129	80	49	62.0	25.96	6332.67	8.48	189.09	16332.61	63.33	-9.88
4.0	55.0	0.1	0.0	101	61	40	60.4	25.87	7188.43	10.27	275.08	17188.46	71.88	-11.1
4.0	55.0	0.25	0.0	101	61	40	60.4	25.86	17960.44	10.27	687.65	27960.45	179.6	-20.74
4.0	55.0	0.15	0.0	101	61	40	60.4	25.86	10777.39	10.27	412.6	20777.38	107.77	-14.31
4.0	55.0	0.05	5.0	101	61	40	60.4	25.83	3588.69	10.27	137.54	13588.68	35.89	-6.64
4.0	55.0	0.05	0.0	101	61	40	60.4	25.83	3588.69	10.27	137.54	13588.68	35.89	-6.64
6.0	57.5	0.25	3.0	82	50	32	61.0	25.69	6320.38	12.19	300.0	16320.35	63.2	-10.74
6.0	57.5	0.15	2.0	82	50	32	61.0	25.69	4213.61	12.19	200.0	14213.56	42.14	-7.91
6.0	57.5	0.25	2.0	82	50	32	61.0	25.69	4213.61	12.19	200.0	14213.56	42.14	-7.91
6.0	57.5	0.05	3.0	82	50	32	61.0	25.65	3194.44	12.19	151.87	13194.43	31.94	-5.6
0.0	52.0	0.15	2.0	129	80	49	62.0	25.59	5832.92	8.48	176.72	15832.87	58.33	-10.1
4.0	52.0	0.05	3.0	113	70	43	61.9	25.59	3687.32	9.53	127.51	13687.3	36.87	-6.61
0.0	52.0	0.25	3.0	129	80	49	62.0	25.55	8907.56	8.48	270.29	18907.54	89.08	-13.32
6.0	0.0	0.1	0.0	98	58	40	59.2	25.53	7049.79	11.05	281.81	17049.81	70.5	-10.94
6.0	52.0	0.1	0.0	98	58	40	59.2	25.53	7049.79	11.05	281.81	17049.81	70.5	-10.94
6.0	0.0	0.15	0.0	98	58	40	59.2	25.52	10571.38	11.05	422.76	20571.36	105.71	-14.04
6.0	52.0	0.15	0.0	98	58	40	59.2	25.52	10571.38	11.05	422.76	20571.36	105.71	-14.04
6.0	0.0	0.25	0.0	98	58	40	59.2	25.51	17614.78	11.05	704.54	27614.79	176.15	-20.74
6.0	52.0	0.25	0.0	98	58	40	59.2	25.51	17614.78	11.05	704.54	27614.79	176.15	-20.74
6.0	0.0	0.05	5.0	98	58	40	59.2	25.48	3519.23	11.05	140.93	13519.21	35.19	-6.58
6.0	0.0	0.05	0.0	98	58	40	59.2	25.48	3519.23	11.05	140.93	13519.21	35.19	-6.58
6.0	52.0	0.05	5.0	98	58	40	59.2	25.48	3519.23	11.05	140.93	13519.21	35.19	-6.58
6.0	52.0	0.05	0.0	98	58	40	59.2	25.48	3519.23	11.05	140.93	13519.21	35.19	-6.58
0.0	57.5	0.05	3.0	87	53	34	60.9	25.46	3242.61	11.43	146.39	13242.6	32.43	-5.63
2.0	57.5	0.05	3.0	87	53	34	60.9	25.46	3242.61	11.43	146.39	13242.6	32.43	-5.63
4.0	57.5	0.05	3.0	87	53	34	60.9	25.46	3242.61	11.43	146.39	13242.6	32.43	-5.63
2.0	52.0	0.25	2.0	123	75	48	61.0	25.33	6114.27	8.88	196.26	16114.21	61.14	-9.97
0.0	57.5	0.15	2.0	87	53	34	60.9	25.27	4358.85	11.43	198.3	14358.8	43.59	-8.02
2.0	57.5	0.15	2.0	87	53	34	60.9	25.27	4358.85	11.43	198.3	14358.8	43.59	-8.02
4.0	57.5	0.15	2.0	87	53	34	60.9	25.27	4358.85	11.43	198.3	14358.8	43.59	-8.02
0.0	52.0	0.05	3.0	129	80	49	62.0	25.25	3730.24	8.48	114.51	13730.24	37.3	-6.59
2.0	52.0	0.15	2.0	123	75	48	61.0	25.18	5701.68	8.88	184.11	15701.61	57.02	-10.16
4.0	52.0	0.05	2.0	113	70	43	61.9	25.18	3493.53	9.53	122.78	13493.52	34.94	-6.7
6.0	57.5	0.05	2.0	82	50	32	61.0	25.18	3000.65	12.19	145.34	13000.64	30.01	-5.67
0.0	57.5	0.25	3.0	87	53	34	60.9	25.15	6536.09	11.43	298.72	16536.06	65.36	-10.97
2.0	57.5	0.25	3.0	87	53	34	60.9	25.15	6536.09	11.43	298.72	16536.06	65.36	-10.97
4.0	57.5	0.25	3.0	87	53	34	60.9	25.15	6536.09	11.43	298.72	16536.06	65.36	-10.97
4.0	52.0	0.1	5.0	113	70	43	61.9	25.11	7181.43	9.53	253.11	17181.45	71.81	-11.27
2.0	52.0	0.25	3.0	123	75	48	61.0	25.1	8689.16	8.88	281.42	18689.14	86.89	-13.43
4.0	52.0	0.25	5.0	113	70	43	61.9	25.09	12485.25	9.53	440.43	22485.22	124.85	-17.85
4.0	52.0	0.15	3.0	113	70	43	61.9	25.09	7492.0	9.53	264.26	17491.97	74.92	-13.03
4.0	52.0	0.1	2.0	113	70	43	61.9	25.09	4995.12	9.53	176.19	14995.09	49.95	-9.74
6.0	57.5	0.1	5.0	82	50	32	61.0	25.09	6193.98	12.19	301.06	16193.99	61.94	-9.72
2.0	52.0	0.05	3.0	123	75	48	61.0	25.04	3686.25	8.88	119.68	13686.24	36.86	-6.61
4.0	52.0	0.15	5.0	113	70	43	61.9	25.04	9944.35	9.53	351.49	19944.31	99.44	-14.51
6.0	57.5	0.15	5.0	82	50	32	61.0	25.01	8464.85	12.19	412.82	18464.81	84.65	-12.59
0.0	57.5	0.05	2.0	87	53	34	60.9	24.99	3048.82	11.43	140.24	13048.82	30.49	-5.7
2.0	57.5	0.05	2.0	87	53	34	60.9	24.99	3048.82	11.43	140.24	13048.82	30.49	-5.7
4.0	57.5	0.05	2.0	87	53	34	60.9	24.99	3048.82	11.43	140.24	13048.82	30.49	-5.7
4.0	0.0	0.25	2.0	115	70	45	60.9	24.91	5723.87	9.38	199.84	15723.82	57.24	-10.17
0.0	57.5	0.1	5.0	87	53	34	60.9	24.91	6291.04	11.43	290.3	16291.05	62.91	-9.8
2.0	57.5	0.1	5.0	87	53	34	60.9	24.91	6291.04	11.43	290.3	16291.05	62.91	-9.8
4.0	57.5	0.1	5.0	87	53	34	60.9	24.91	6291.04	11.43	290.3	16291.05	62.91	-9.8
6.0	57.5	0.15	3.0	82	50	32	61.0	24.86	5973.5	12.19	293.09	15973.47	59.73	-10.83
6.0	57.5	0.25	5.0	82	50	32	61.0	24.85	9953.3	12.19	488.45	19953.26	99.53	-15.25
6.0	57.5	0.1	2.0	82	50	32	61.0	24.85	3981.67	12.19	195.39	13981.63	39.82	-7.95
0.0	52.0	0.05	2.0	129	80	49	62.0	24.84	3536.45	8.48	110.36	13536.45	35.36	-6.68
4.0	0.0	0.05	3.0	115	70	45	60.9	24.84	3600.32	9.38	126.05	13600.3	36.0	-6.64
0.0	57.5	0.25	2.0	87	53	34	60.9	24.82	4317.99	11.43	200.0	14317.94	43.18	-8.03
2.0	57.5	0.25	2.0	87	53	34	60.9	24.82	4317.99	11.43	200.0	14317.94	43.18	-8.03
4.0	57.5	0.25	2.0	87	53	34	60.9	24.82	4317.99	11.43	200.0	14317.94	43.18	-8.03
0.0	57.5	0.15	5.0	87	53	34	60.9	24.81	8610.09	11.43	398.89	18610.05	86.1	-12.74
2.0	57.5	0.15	5.0	87	53	34	60.9	24.81	8610.09	11.43	398.89	18610.05	86.1	-12.74
4.0	57.5	0.15	5.0	87	53	34	60.9	24.81	8610.09	11.43	398.89	18610.05	86.1	-12.74
0.0	52.0	0.1	5.0	129	80	49	62.0	24.79	7269.15	8.48	227.33	17269.17	72.69	-11.21
4.0	0.0	0.15	2.0	115	70	45	60.9	24.77	5442.12	9.38	191.06	15442.07	54.42	-10.29
0.0	52.0	0.15	5.0	129	80	49	62.0	24.69	10073.15	8.48	316.32	20073.11	100.73	-14.4
4.0	0.0	0.25	3.0	115	70	45	60.9	24.65	8256.0	9.38	291.25	18255.98	82.56	-13.68
0.0	52.0	0.1	2.0	129	80	49	62.0	24.63	5082.84	8.48	159.95	15082.81	50.83	-9.68
4.0	52.0	0.1	3.0	113	70	43	61.9	24.63	6295.29	9.53	226.19	16295.3	62.95	-11.07
0.0	55.0	0.25	2.0	108	66	42	61.1	24.63	5156.2	9.72	193.87	15156.13	51.56	-10.76
0.0	52.0	0.25	5.0	129	80	49	62.0	24.62	12700.81	8.48	399.84	22700.78	127.01	-17.64
0.0	52.0	0.15	3.0	129	80	49	62.0	24.62	7620.8	8.48	239.91	17620.77	76.21	-12.92
2.0	52.0	0.05	2.0	123	75	48	61.0	24.62	3492.46	8.88	115.33	13492.45	34.92	-6.69
0.0	57.5	0.15	3.0	87	53	34	60.9	24.59	6118.74	11.43	286.03	16118.71	61.19	-10.97
2.0	57.5	0.15	3.0	87	53	34	60.9	24.59	6118.74	11.43	286.03	16118.71	61.19	-10.97
4.0	57.5	0.15	3.0	87	53	34	60.9	24.59	6118.74	11.43	286.03	16118.71	61.19	-10.97
0.0	57.5	0.25	5.0	87	53	34	60.9	24.58	10195.6	11.43	476.71	20195.56	101.96	-15.54
2.0	57.5	0.25	5.0	87	53	34	60.9	24.58	10195.6	11.43	476.71	20195.56	101.96	-15.54
4.0	57.5	0.25	5.0	87	53	34	60.9	24.58	10195.6	11.43	476.71	20195.56	101.96	-15.54
0.0	57.5	0.1	2.0	87	53	34	60.9	24.58	4078.73	11.43	190.7	14078.7	40.79	-8.03
2.0	57.5	0.1	2.0	87	53	34	60.9	24.58	4078.73	11.43	190.7	14078.7	40.79	-8.03
4.0	57.5	0.1	2.0	87	53	34	60.9	24.58	4078.73	11.43	190.7	14078.7	40.79	-8.03
2.0	52.0	0.1	5.0	123	75	48	61.0	24.57	7181.04	8.88	237.59	17181.07	71.81	-11.24
6.0	57.5	0.1	3.0	82	50	32	61.0	24.52	5307.84	12.19	263.96	15307.84	53.08	-9.42
0.0	55.0	0.25	3.0	108	66	42	61.1	24.51	7523.79	9.72	284.28	17523.77	75.24	-14.65
0.0	55.0	0.05	3.0	108	66	42	61.1	24.5	3404.05	9.72	128.67	13404.05	34.04	-6.76
2.0	52.0	0.15	5.0	123	75	48	61.0	24.46	9941.91	8.88	330.51	19941.86	99.42	-14.46
0.0	55.0	0.15	2.0	108	66	42	61.1	24.46	4954.66	9.72	187.56	14954.59	49.55	-10.8
2.0	55.0	0.05	3.0	105	64	41	61.0	24.41	3386.62	9.99	132.12	13386.62	33.87	-6.77
4.0	0.0	0.05	2.0	115	70	45	60.9	24.4	3406.53	9.38	121.4	13406.52	34.07	-6.72
4.0	0.0	0.1	5.0	115	70	45	60.9	24.35	7007.43	9.38	250.22	17007.45	70.07	-11.33
2.0	55.0	0.25	2.0	105	64	41	61.0	24.35	5071.5	9.99	198.34	15071.43	50.71	-10.79
2.0	52.0	0.1	2.0	123	75	48	61.0	24.33	4994.73	8.88	166.93	14994.71	49.95	-9.72
0.0	57.5	0.1	3.0	87	53	34	60.9	24.33	5404.9	11.43	255.33	15404.9	54.05	-9.51
2.0	57.5	0.1	3.0	87	53	34	60.9	24.33	5404.9	11.43	255.33	15404.9	54.05	-9.51
4.0	57.5	0.1	3.0	87	53	34	60.9	24.33	5404.9	11.43	255.33	15404.9	54.05	-9.51
2.0	52.0	0.25	5.0	123	75	48	61.0	24.32	12482.41	8.88	417.28	22482.38	124.82	-17.77
2.0	52.0	0.15	3.0	123	75	48	61.0	24.32	7489.56	8.88	250.37	17489.52	74.9	-12.98
2.0	55.0	0.25	3.0	105	64	41	61.0	24.32	7439.09	9.99	291.33	17439.06	74.39	-14.69
0.0	52.0	0.1	3.0	129	80	49	62.0	24.29	6383.01	8.48	203.74	16383.02	63.83	-11.0
2.0	55.0	0.15	2.0	105	64	41	61.0	24.29	4904.02	9.99	192.29	14903.95	49.04	-10.81
6.0	55.0	0.05	3.0	93	56	37	60.2	24.25	3232.67	11.25	143.33	13232.65	32.33	-6.77
4.0	0.0	0.15	5.0	115	70	45	60.9	24.22	9682.35	9.38	347.65	19682.31	96.82	-14.62
4.0	55.0	0.05	3.0	101	61	40	60.4	24.15	3320.69	10.27	136.12	13320.68	33.21	-6.81
2.0	52.0	0.1	3.0	123	75	48	61.0	24.04	6294.9	8.88	212.85	16294.91	62.95	-11.04
0.0	55.0	0.05	2.0	108	66	42	61.1	24.03	3210.26	9.72	123.71	13210.27	32.1	-6.86
4.0	0.0	0.25	5.0	115	70	45	60.9	24.0	12049.25	9.38	436.57	22049.22	120.49	-18.05
4.0	0.0	0.15	3.0	115	70	45	60.9	24.0	7230.0	9.38	261.94	17229.97	72.3	-13.14
4.0	0.0	0.1	2.0	115	70	45	60.9	24.0	4821.12	9.38	174.64	14821.09	48.21	-9.8
6.0	55.0	0.25	3.0	93	56	37	60.2	24.0	6695.86	11.25	300.0	16695.83	66.96	-14.7
6.0	55.0	0.25	2.0	93	56	37	60.2	24.0	4463.94	11.25	200.0	14463.88	44.64	-10.89
0.0	55.0	0.1	5.0	108	66	42	61.1	23.99	6616.02	9.72	255.37	16616.05	66.16	-11.71
2.0	55.0	0.05	2.0	105	64	41	61.0	23.94	3192.83	9.99	127.03	13192.83	31.93	-6.86
6.0	55.0	0.15	2.0	93	56	37	60.2	23.94	4442.56	11.25	199.56	14442.5	44.42	-10.82
2.0	55.0	0.1	5.0	105	64	41	61.0	23.9	6581.96	9.99	262.24	16581.99	65.82	-11.72
2.0	0.0	0.1	0.0	134	75	59	56.0	23.82	7242.12	8.18	226.87	17242.15	72.42	-10.78
0.0	55.0	0.15	5.0	108	66	42	61.1	23.82	9095.88	9.72	353.56	19095.84	90.96	-15.28
2.0	0.0	0.25	0.0	134	75	59	56.0	23.81	18093.33	8.18	567.16	28093.35	180.93	-20.74
2.0	0.0	0.15	0.0	134	75	59	56.0	23.8	10854.62	8.18	340.32	20854.59	108.55	-13.78
4.0	0.0	0.1	3.0	115	70	45	60.9	23.79	6121.29	9.38	223.77	16121.3	61.21	-11.13
6.0	0.0	0.05	3.0	98	58	40	59.2	23.79	3251.23	11.05	139.46	13251.21	32.51	-6.74
6.0	52.0	0.05	3.0	98	58	40	59.2	23.79	3251.23	11.05	139.46	13251.21	32.51	-6.74
2.0	0.0	0.05	5.0	134	75	59	56.0	23.77	3614.25	8.18	113.47	13614.24	36.14	-6.52
2.0	0.0	0.05	0.0	134	75	59	56.0	23.77	3614.25	8.18	113.47	13614.24	36.14	-6.52
4.0	55.0	0.15	2.0	101	61	40	60.4	23.75	4706.46	10.27	196.17	14706.4	47.06	-10.99
6.0	55.0	0.05	2.0	93	56	37	60.2	23.75	3038.88	11.25	137.58	13038.87	30.39	-6.86
2.0	55.0	0.15	5.0	105	64	41	61.0	23.73	9045.24	9.99	363.02	19045.19	90.45	-15.3
4.0	55.0	0.25	3.0	101	61	40	60.4	23.73	7109.93	10.27	296.64	17109.9	71.1	-15.05
6.0	55.0	0.1	5.0	93	56	37	60.2	23.72	6273.6	11.25	284.34	16273.62	62.74	-11.73
4.0	55.0	0.05	2.0	101	61	40	60.4	23.67	3126.9	10.27	130.82	13126.89	31.27	-6.9
4.0	55.0	0.1	5.0	101	61	40	60.4	23.64	6450.35	10.27	270.13	16450.38	64.5	-11.84
6.0	55.0	0.15	5.0	93	56	37	60.2	23.53	8583.78	11.25	392.32	18583.74	85.84	-15.31
4.0	55.0	0.25	2.0	101	61	40	60.4	23.49	4745.1	10.27	200.0	14745.03	47.45	-11.08
0.0	0.0	0.1	0.0	147	81	66	55.1	23.46	7190.73	7.49	208.53	17190.76	71.91	-10.8
0.0	55.0	0.25	5.0	108	66	42	61.1	23.45	11071.38	9.72	437.15	21071.34	110.71	-19.32
0.0	55.0	0.15	3.0	108	66	42	61.1	23.45	6643.53	9.72	262.29	16643.5	66.44	-13.8
0.0	55.0	0.1	2.0	108	66	42	61.1	23.45	4429.71	9.72	174.9	14429.69	44.3	-10.17
0.0	0.0	0.25	0.0	147	81	66	55.1	23.44	17961.98	7.49	521.32	27962.0	179.62	-20.74
4.0	55.0	0.15	5.0	101	61	40	60.4	23.44	8847.68	10.27	373.66	18847.65	88.48	-15.5
0.0	0.0	0.15	0.0	147	81	66	55.1	23.43	10774.61	7.49	312.82	20774.59	107.75	-13.82
0.0	0.0	0.05	5.0	147	81	66	55.1	23.41	3588.49	7.49	104.3	13588.49	35.88	-6.53
0.0	0.0	0.05	0.0	147	81	66	55.1	23.41	3588.49	7.49	104.3	13588.49	35.88	-6.53
0.0	55.0	0.1	3.0	108	66	42	61.1	23.35	5729.88	9.72	227.2	15729.89	57.3	-11.52
2.0	55.0	0.25	5.0	105	64	41	61.0	23.33	10986.68	9.99	448.57	20986.64	109.87	-19.36
2.0	55.0	0.15	3.0	105	64	41	61.0	23.33	6592.89	9.99	269.14	16592.86	65.93	-13.82
2.0	55.0	0.1	2.0	105	64	41	61.0	23.33	4395.65	9.99	179.47	14395.63	43.96	-10.18
0.0	60.0	0.1	0.0	71	41	30	57.7	23.31	5380.23	12.58	325.14	15380.24	53.8	-9.54
2.0	60.0	0.1	0.0	71	41	30	57.7	23.31	5380.23	12.58	325.14	15380.24	53.8	-9.54
4.0	60.0	0.1	0.0	71	41	30	57.7	23.31	5380.23	12.58	325.14	15380.24	53.8	-9.54
0.0	60.0	0.25	0.0	71	41	30	57.7	23.29	13444.75	12.58	812.9	23444.74	134.45	-20.74
2.0	60.0	0.25	0.0	71	41	30	57.7	23.29	13444.75	12.58	812.9	23444.74	134.45	-20.74
4.0	60.0	0.25	0.0	71	41	30	57.7	23.29	13444.75	12.58	812.9	23444.74	134.45	-20.74
0.0	60.0	0.15	0.0	71	41	30	57.7	23.29	8067.07	12.58	487.76	18067.05	80.67	-12.46
2.0	60.0	0.15	0.0	71	41	30	57.7	23.29	8067.07	12.58	487.76	18067.05	80.67	-12.46
4.0	60.0	0.15	0.0	71	41	30	57.7	23.29	8067.07	12.58	487.76	18067.05	80.67	-12.46
6.0	0.0	0.1	5.0	98	58	40	59.2	23.28	6311.71	11.05	276.7	16311.73	63.12	-11.65
6.0	52.0	0.1	5.0	98	58	40	59.2	23.28	6311.71	11.05	276.7	16311.73	63.12	-11.65
6.0	0.0	0.05	2.0	98	58	40	59.2	23.28	3057.44	11.05	134.0	13057.42	30.57	-6.84
6.0	52.0	0.05	2.0	98	58	40	59.2	23.28	3057.44	11.05	134.0	13057.42	30.57	-6.84
0.0	60.0	0.05	5.0	71	41	30	57.7	23.27	2686.53	12.58	162.62	12686.53	26.87	-5.61
0.0	60.0	0.05	0.0	71	41	30	57.7	23.27	2686.53	12.58	162.62	12686.53	26.87	-5.61
2.0	60.0	0.05	5.0	71	41	30	57.7	23.27	2686.53	12.58	162.62	12686.53	26.87	-5.61
2.0	60.0	0.05	0.0	71	41	30	57.7	23.27	2686.53	12.58	162.62	12686.53	26.87	-5.61
4.0	60.0	0.05	5.0	71	41	30	57.7	23.27	2686.53	12.58	162.62	12686.53	26.87	-5.61
4.0	60.0	0.05	0.0	71	41	30	57.7	23.27	2686.53	12.58	162.62	12686.53	26.87	-5.61
2.0	55.0	0.1	3.0	105	64	41	61.0	23.25	5695.82	9.99	233.27	15695.84	56.96	-11.53
6.0	0.0	0.15	5.0	98	58	40	59.2	23.05	8641.67	11.05	382.62	18641.63	86.42	-15.18
6.0	52.0	0.15	5.0	98	58	40	59.2	23.05	8641.67	11.05	382.62	18641.63	86.42	-15.18
6.0	55.0	0.15	3.0	93	56	37	60.2	23.03	6131.43	11.25	286.33	16131.4	61.31	-13.82
6.0	55.0	0.25	5.0	93	56	37	60.2	23.02	10216.86	11.25	477.18	20216.82	102.17	-19.38
6.0	55.0	0.1	3.0	93	56	37	60.2	23.02	5387.46	11.25	251.63	15387.46	53.87	-11.54
6.0	55.0	0.1	2.0	93	56	37	60.2	23.02	4087.29	11.25	190.89	14087.26	40.87	-10.18
6.0	60.0	0.1	0.0	70	40	30	57.1	22.98	5275.5	12.84	327.96	15275.51	52.76	-9.54
6.0	60.0	0.25	0.0	70	40	30	57.1	22.97	13182.93	12.84	819.94	23182.92	131.83	-20.74
6.0	60.0	0.15	0.0	70	40	30	57.1	22.97	7909.98	12.84	491.99	17909.96	79.1	-12.46
4.0	55.0	0.1	3.0	101	61	40	60.4	22.95	5564.21	10.27	240.01	15564.22	55.64	-11.65
4.0	55.0	0.15	3.0	101	61	40	60.4	22.94	6395.33	10.27	276.07	16395.31	63.95	-14.02
6.0	60.0	0.05	5.0	70	40	30	57.1	22.94	2634.17	12.84	164.03	12634.17	26.34	-5.61
6.0	60.0	0.05	0.0	70	40	30	57.1	22.94	2634.17	12.84	164.03	12634.17	26.34	-5.61
4.0	55.0	0.25	5.0	101	61	40	60.4	22.93	10657.52	10.27	460.11	20657.48	106.57	-19.77
4.0	55.0	0.1	2.0	101	61	40	60.4	22.93	4264.04	10.27	184.08	14264.02	42.64	-10.29
6.0	0.0	0.15	2.0	98	58	40	59.2	22.58	4401.44	11.05	198.87	14401.39	44.01	-10.77
6.0	52.0	0.15	2.0	98	58	40	59.2	22.58	4401.44	11.05	198.87	14401.39	44.01	-10.77
6.0	0.0	0.1	3.0	98	58	40	59.2	22.54	5425.57	11.05	245.66	15425.57	54.26	-11.46
6.0	52.0	0.1	3.0	98	58	40	59.2	22.54	5425.57	11.05	245.66	15425.57	54.26	-11.46
6.0	0.0	0.25	5.0	98	58	40	59.2	22.39	10311.86	11.05	470.03	20311.82	103.12	-19.12
6.0	52.0	0.25	5.0	98	58	40	59.2	22.39	10311.86	11.05	470.03	20311.82	103.12	-19.12
6.0	0.0	0.15	3.0	98	58	40	59.2	22.39	6189.32	11.05	282.04	16189.29	61.89	-13.69
6.0	52.0	0.15	3.0	98	58	40	59.2	22.39	6189.32	11.05	282.04	16189.29	61.89	-13.69
6.0	0.0	0.1	2.0	98	58	40	59.2	22.39	4125.4	11.05	188.02	14125.37	41.25	-10.11
6.0	52.0	0.1	2.0	98	58	40	59.2	22.39	4125.4	11.05	188.02	14125.37	41.25	-10.11
6.0	0.0	0.25	3.0	98	58	40	59.2	22.27	6545.2	11.05	299.84	16545.16	65.45	-14.63
6.0	52.0	0.25	3.0	98	58	40	59.2	22.27	6545.2	11.05	299.84	16545.16	65.45	-14.63
2.0	0.0	0.05	3.0	134	75	59	56.0	22.22	3346.25	8.18	112.4	13346.24	33.46	-6.68
6.0	0.0	0.25	2.0	98	58	40	59.2	22.21	4352.82	11.05	200.0	14352.77	43.53	-10.85
6.0	52.0	0.25	2.0	98	58	40	59.2	22.21	4352.82	11.05	200.0	14352.77	43.53	-10.85
0.0	0.0	0.05	3.0	147	81	66	55.1	21.86	3320.49	7.49	103.32	13320.49	33.2	-6.69
2.0	0.0	0.1	5.0	134	75	59	56.0	21.75	6504.04	8.18	223.13	16504.07	65.04	-11.47
2.0	0.0	0.05	2.0	134	75	59	56.0	21.7	3152.46	8.18	108.4	13152.45	31.52	-6.77
2.0	0.0	0.15	5.0	134	75	59	56.0	21.42	8924.91	8.18	310.97	18924.86	89.25	-14.86
0.0	0.0	0.1	5.0	147	81	66	55.1	21.4	6452.65	7.49	205.13	16452.67	64.53	-11.49
0.0	0.0	0.05	2.0	147	81	66	55.1	21.34	3126.7	7.49	99.68	13126.7	31.27	-6.78
0.0	60.0	0.05	3.0	71	41	30	57.7	21.21	2418.53	12.58	160.59	12418.53	24.19	-5.76
2.0	60.0	0.05	3.0	71	41	30	57.7	21.21	2418.53	12.58	160.59	12418.53	24.19	-5.76
4.0	60.0	0.05	3.0	71	41	30	57.7	21.21	2418.53	12.58	160.59	12418.53	24.19	-5.76
0.0	0.0	0.15	5.0	147	81	66	55.1	21.03	8844.9	7.49	286.07	18844.86	88.45	-14.9
2.0	0.0	0.1	3.0	134	75	59	56.0	20.92	5617.9	8.18	200.43	15617.91	56.18	-11.27
6.0	60.0	0.05	3.0	70	40	30	57.1	20.87	2366.17	12.84	161.97	12366.17	23.66	-5.76
0.0	60.0	0.1	5.0	71	41	30	57.7	20.55	4642.15	12.58	318.1	14642.15	46.42	-10.2
2.0	60.0	0.1	5.0	71	41	30	57.7	20.55	4642.15	12.58	318.1	14642.15	46.42	-10.2
4.0	60.0	0.1	5.0	71	41	30	57.7	20.55	4642.15	12.58	318.1	14642.15	46.42	-10.2
0.0	0.0	0.1	3.0	147	81	66	55.1	20.53	5566.51	7.49	184.44	15566.52	55.67	-11.3
0.0	60.0	0.05	2.0	71	41	30	57.7	20.47	2224.74	12.58	153.06	12224.74	22.25	-5.83
2.0	60.0	0.05	2.0	71	41	30	57.7	20.47	2224.74	12.58	153.06	12224.74	22.25	-5.83
4.0	60.0	0.05	2.0	71	41	30	57.7	20.47	2224.74	12.58	153.06	12224.74	22.25	-5.83
2.0	0.0	0.1	2.0	134	75	59	56.0	20.36	4317.73	8.18	158.28	14317.71	43.18	-9.93
2.0	0.0	0.25	5.0	134	75	59	56.0	20.35	10790.41	8.18	395.66	20790.38	107.9	-18.5
2.0	0.0	0.15	3.0	134	75	59	56.0	20.35	6472.56	8.18	237.41	16472.52	64.73	-13.38
6.0	60.0	0.1	5.0	70	40	30	57.1	20.2	4537.42	12.84	320.81	14537.43	45.37	-10.2
6.0	60.0	0.05	2.0	70	40	30	57.1	20.11	2172.38	12.84	154.33	12172.38	21.72	-5.83
0.0	60.0	0.15	5.0	71	41	30	57.7	19.99	6137.36	12.58	432.37	16137.31	61.37	-13.46
2.0	60.0	0.15	5.0	71	41	30	57.7	19.99	6137.36	12.58	432.37	16137.31	61.37	-13.46
4.0	60.0	0.15	5.0	71	41	30	57.7	19.99	6137.36	12.58	432.37	16137.31	61.37	-13.46
0.0	0.0	0.1	2.0	147	81	66	55.1	19.88	4266.34	7.49	146.01	14266.31	42.66	-9.96
0.0	0.0	0.25	5.0	147	81	66	55.1	19.87	10659.06	7.49	364.98	20659.03	106.59	-18.58
0.0	0.0	0.15	3.0	147	81	66	55.1	19.86	6392.55	7.49	219.01	16392.52	63.93	-13.42
2.0	0.0	0.15	2.0	134	75	59	56.0	19.8	4684.68	8.18	176.58	14684.61	46.85	-10.49
6.0	60.0	0.15	5.0	70	40	30	57.1	19.6	5980.27	12.84	435.8	15980.22	59.8	-13.46
2.0	0.0	0.25	3.0	134	75	59	56.0	19.27	6997.16	8.18	270.95	16997.14	69.97	-14.08
0.0	60.0	0.1	3.0	71	41	30	57.7	19.22	3756.01	12.58	275.25	13756.0	37.56	-10.35
2.0	60.0	0.1	3.0	71	41	30	57.7	19.22	3756.01	12.58	275.25	13756.0	37.56	-10.35
4.0	60.0	0.1	3.0	71	41	30	57.7	19.22	3756.01	12.58	275.25	13756.0	37.56	-10.35
0.0	0.0	0.15	2.0	147	81	66	55.1	19.15	4604.67	7.49	163.56	14604.62	46.05	-10.53
0.0	60.0	0.25	3.0	71	41	30	57.7	18.99	4044.56	12.58	300.0	14044.54	40.45	-11.52
2.0	60.0	0.25	3.0	71	41	30	57.7	18.99	4044.56	12.58	300.0	14044.54	40.45	-11.52
4.0	60.0	0.25	3.0	71	41	30	57.7	18.99	4044.56	12.58	300.0	14044.54	40.45	-11.52
0.0	60.0	0.25	2.0	71	41	30	57.7	18.99	2696.4	12.58	200.0	12696.36	26.96	-8.32
2.0	60.0	0.25	2.0	71	41	30	57.7	18.99	2696.4	12.58	200.0	12696.36	26.96	-8.32
4.0	60.0	0.25	2.0	71	41	30	57.7	18.99	2696.4	12.58	200.0	12696.36	26.96	-8.32
0.0	60.0	0.15	2.0	71	41	30	57.7	18.95	2689.85	12.58	199.89	12689.81	26.9	-8.32
2.0	60.0	0.15	2.0	71	41	30	57.7	18.95	2689.85	12.58	199.89	12689.81	26.9	-8.32
4.0	60.0	0.15	2.0	71	41	30	57.7	18.95	2689.85	12.58	199.89	12689.81	26.9	-8.32
6.0	60.0	0.1	3.0	70	40	30	57.1	18.81	3651.28	12.84	277.36	13651.27	36.51	-10.35
0.0	0.0	0.25	3.0	147	81	66	55.1	18.59	6865.81	7.49	251.3	16865.79	68.66	-14.15
0.0	60.0	0.1	2.0	71	41	30	57.7	18.33	2574.54	12.58	197.86	12574.5	25.75	-8.49
2.0	60.0	0.1	2.0	71	41	30	57.7	18.33	2574.54	12.58	197.86	12574.5	25.75	-8.49
4.0	60.0	0.1	2.0	71	41	30	57.7	18.33	2574.54	12.58	197.86	12574.5	25.75	-8.49
0.0	60.0	0.25	5.0	71	41	30	57.7	18.32	6435.42	12.58	494.63	16435.37	64.35	-17.02
2.0	60.0	0.25	5.0	71	41	30	57.7	18.32	6435.42	12.58	494.63	16435.37	64.35	-17.02
4.0	60.0	0.25	5.0	71	41	30	57.7	18.32	6435.42	12.58	494.63	16435.37	64.35	-17.02
0.0	60.0	0.15	3.0	71	41	30	57.7	18.32	3860.89	12.58	296.77	13860.87	38.61	-11.77
2.0	60.0	0.15	3.0	71	41	30	57.7	18.32	3860.89	12.58	296.77	13860.87	38.61	-11.77
4.0	60.0	0.15	3.0	71	41	30	57.7	18.32	3860.89	12.58	296.77	13860.87	38.61	-11.77
6.0	60.0	0.25	3.0	70	40	30	57.1	18.09	3799.11	12.84	300.0	13799.08	37.99	-11.52
6.0	60.0	0.15	2.0	70	40	30	57.1	18.09	2532.76	12.84	200.0	12532.72	25.33	-8.32
6.0	60.0	0.25	2.0	70	40	30	57.1	18.09	2532.76	12.84	200.0	12532.72	25.33	-8.32
6.0	60.0	0.25	5.0	70	40	30	57.1	17.74	6173.6	12.84	497.13	16173.55	61.74	-17.02
6.0	60.0	0.15	3.0	70	40	30	57.1	17.74	3703.8	12.84	298.27	13703.77	37.04	-11.77
6.0	60.0	0.1	2.0	70	40	30	57.1	17.74	2469.81	12.84	198.86	12469.77	24.7	-8.49
2.0	0.0	0.25	2.0	134	75	59	56.0	17.3	4462.27	8.18	192.48	14462.21	44.62	-10.51
0.0	0.0	0.25	2.0	147	81	66	55.1	16.39	4330.92	7.49	179.77	14330.86	43.31	-10.57
